Entry	Organism (ID)	Sequence
Q9BQ48	9606	MAVLAGSLLGPTSRSAALLGGRWLQPRAWLGFPDAWGLPTPQQARGKARGNEYQPSNIKRKNKHGWVRRLSTPAGVQVILRRMLKGRKSLSH
A0A024R7J4	9606	MAVLAGSLLGPTSRSAALLGGRWLQPRAWLGFPDAWGLPTPQQARGKARGNEYQPSNIKRKNKHGWVRRLSTPAGVQVILRRMLKGRKSLSH
M0R226	9606	MPRRPSGYFLSSGGAGSGSGRALGEGSGSQSRNSWSSVLTVSGHSSITMWLPSSMSFRNARSRICRRRRAQGLERLWAPESPAAGTAGPTADMAVLAGSLLGPTSRSAALLGGRWLQPRAWLGFPDAWGLPTPQQARGKARGNEYQPSNIKRKNKHGWVRRLSTPAGVQVILRRMLKGRKSLSH
A0A2J8T6F9	9601	MPRRPSGYFLSSGGAGSGSGRALGEGSGSQSRNSWSSVLTVSGHSSITMWLPSSMSFRNARSRICRRRGAQGLVRLWAPESPAAGTAGPTADMAVLAGSLLGPTSRSAALLGGRWLQPRAWLGFPDAWGLPTPQQARGKARGNEYQPSNIKRKNKHGWVRRLSTPAGVQVILRRMLKGRKSLSH
A0A2K6JT59	61621	MPRRPGVYFLSSGGAGSGSGRALGEGSGSQSRNSWSSVLTVSGHSSITMWLPSSMSFRNARSRICRRRGAQGLLLWAPESPAAGPAGPTEDMALLAGSLLGPTSRSAALLGGRWLQPRAWLGFPDAWGLPTPQQARGKTRGNEYQPSNIKRKNKHGWVRRLSTPAGVQVILRRMLKGRKSLSH
H2R6A9	9598	MPRRPSGYFLSSGGAGSGSGRALGEGSGSQSRNSWSSVLTVSGHSSITMWLPSSMSFRNARSRICRRRRAQGPERLWAPESPAAGTAGPTADMAVLAGSLLGPTSRSAALLGGRWLQPRAWLGFPDAWGLPTPQQARGKARGNEYQPSNIKRKNKHGWVRRLSTPAGVQVILRRMLKGRKSLSH
K7B2S3	9598	MAVLAGSLLGPTSRSAALLGGRWLQPRAWLGFPDAWGLPTPQQARGKARGNEYQPSNIKRKNKHGWVRRLSTPAGVQVILRRMLKGRKSLSH
A0A2K6DKL2	9545	MPRRPGVYFLSSGGAGSGSGRALGEGSGSQSRNSWSSVLTVSGHSSITMWLPSSMSFRNARSRICRRRGAQGLRFWAPESPAAGPGGPTEDMAFLAGSLLGPTSRSAALLGGRWLQPRAWLGFPDAWGLPTPQQARGKTRGNEYQPSNIKRKNKHGWVRRLSTPAGVQVILRRMLKGRKSLSH
A0A2K6NVK4	61622	MPRRPGVYFLSSGGAGSGSGRALGEGSGSQSRNSWSSVLTVSGHSSITMWLPSSMSFRNARSRICRRRGAQGLLLWAPESPAAGPAGPTEDMALLAGSLLGPTRRSAALLGGRWLQPRAWLGFPDAWGLPTPQQARGKTRGNEYQPSNIKRKNKHGWVRRLSTPAGVQVILRRMLKGRKSLSH
A0A8C9IGL3	591936	MPRRPGVYFLSSGGAGSGSGRALGEGSGSQSRNSWSSVLTVSGHSSITMWLPSSMSFRNARSRICRRRGAQGLRLWAPESPAAGPAGPTEDMAILAGSLLGPTSRSAALLGGRWLQPRAWLGFPDAWGLPTPQQARGKTRGNEYQPSNVKRKNKHGWVRRLSTPAGVQVILRRMLKGRKSLSH
A0A8D2F2Y5	9565	MPRRPGVYFLSSGGAGSGSGRALGEGSGSQSRNSWSSVLTVSGHSSITMWLPSSMSFRNARSRICRRRGAQGLRFWAPESPAAGPAGPTEDMALLAGSLLGPTSRSAALLGGRWLQPRAWLGFPDAWGLPTPQQARGKTRGNEYQPSNIKRKNKHGWVRRLSTPAGVQVILRRMLKGRKSLSH
G3QSN3	9595	MAVLAGSLLGPTSRSAALLGGRWLQPRAWLGFPDAWGLPTPQQARGKARGNEYQPSNIKRKNKHGWVRRLSTPAGVQVILRRMLKGRKSLSH
A0A2I3MAQ3	9555	MPRRPGVYFLSSGGAGSGSGRALGEGSGSQSRNSWSSVLTVSGHSSITMWLPSSMSFRNARSRICGRRGAQGLRFWAPESPAAGPAGPTDDMALLAGSLLGPTSRSAALLGGRWLQPRAWLGFPDAWGLPTPQQARGKTRGNEYQPSNIKRKNKHGWVRRLSTPAGVQVILRRMLKGRKSLSH
A0A2K5LXC2	9531	MPRRPGVYFLSSGGAGSGSGRALGEGSGSQSRNSWSSVLTVSGHSSITMWLPSSMSFRNARSRICRRRGAQGLRFWAPESPAAGPAGPTEDMALLAASLLGPTSRSAALLGGRWLQPRAWLGFPDAWGLPTPQQARGKTRGNEYQPSNIKRKNKHGWVRRLSTPAGVQVILRRMLKGRKSLSH
A0A2K5VKC0	9541	MPRRPGVYFLSSGGAGSGSGRALGEGSGSQSRNSWSSVLTVSGHSSITMWLPSSMSFRNARSRICRRRGAQGLRFWAPESPAAGPGGPTEDMALLAGSLLGPTSRSAALLGGRWLQPRAWLGFPDAWGLPTPQQARGKTRGNEYQPSNIKRKNKHGWVRRLSTPAGVQVILRRMLKGRKSLSH
A0A2R9APJ7	9597	MAVLAGSLLGPTSRSAALLGGRWLQPRAWLGFPDAWGLPTPQQARGKARGNEYQPSNIKRKNKHGWVRRLSTPAGVQVILRRMLKGRKSLSH
G1R170	61853	MLRRPSGYFLSSGGAGSGSGRALGEGSGSHSRNSWSSVLTVSGHSSITMWLPSSMSFRNARSRICRRRWAQGLRRLWAPESPAAVTAGPTADMAVLTGSLLGPTSRSAALLGGRWLQPRAWLGFPDAWGLPTPQQARGKARGNEYQPSNIKRKNKHGWVRRLSTPAGVQVILRRMLKGRKSLSH
A0A2I2Z9S2	9595	MPRRPSGYFLSSGGAGSGSGRALGEGSGSQSRNSWSSVLTVSGHSSITMWLPSSMSFRNARSRICRRRRAQGLERLWAPESPAAGTAEPTADMAVLAGSLLGPTSRSAALLGGRWLQPRAWLGFPDAWGLPTPQQARGKARGNEYQPSNIKRKNKHGWVRRLSTPAGVQVILRRMLKGRKSLSH
A0A2I3H6R4	61853	MAVLTGSLLGPTSRSAALLGGRWLQPRAWLGFPDAWGLPTPQQARGKARGNEYQPSNIKRKNKHGWVRRLSTPAGVQVILRRMLKGRKSLSH
A0A2K5JUW5	336983	MPRRPGVYFLSSGGAGSGSGRALGEGSGSQSRNSWSSVLTVSGHSSITMWLPSSMSFRNARSRICRRRGAQGLRLWAPESPAAGPAGPTEGMALLAGSLLGPTSRSAALLGGRWLQPRAWLGFPDAWGLPTPQQARGKTRGNEYQPSNIKRKNKHGWVRRLSTPAGVQVILRRMLKGRKSLSH
A0A6D2X3W0	9598	MPRRPSGYFLSSGGAGSGSGRALGEGSGSQSRNSWSSVLTVSGHSSITMWLPSSMSFRNARSRICRRRRAQGPERLWAPESPAAGTAGPTADMAVLAGSLLGPTSRSAALLGGRWLQPRAWLGFPDAWGLPTPQQARGKARGNEYQPSNIKRKNKHGWVRRLSTPAGVQVILRRMLKGRKSLSH
H9FN30	9544	MALLAGSLLGPTSRSAALLGGRWLQPRAWLGFPDAWGLPTPQQARGKTRGNEYQPSNIKRKNKHGWVRRLSTPAGVQVILRRMLKGRKSLSH
G8F6H4	9541	RWLQPRAWLGFPDAWGLPTPQQARGKTRGNEYQPSNIKRKNKHGWVRRLSTPAGVQVILRRMLKGRKSLSH
A0A2J8LTQ9	9598	MAVLAGSLLGPTSRSAALLGGRWLQPRAWLGFPDAWGLPTPQQARGKARGNEYQPSNIKRKNKHGWVRRLSTPAGVQVILRRMLKGRKSLSH
A0A2K5JUZ6	336983	MALLAGSLLGPTSRSAALLGGRWLQPRAWLGFPDAWGLPTPQQARGKTRGNEYQPSNIKRKNKHGWVRRLSTPAGVQVILRRMLKGRKSLSH
A0A6D2X5D0	9601	MAVLAGSLLGPTSRSAALLGGRWLQPRAWLGFPDAWGLPTPQQARGKARGNEYQPSNIKRKNKHGWVRRLSTPAGVQVILRRMLKGRKSLSH
